id,title,numberOfPages,price,authors
1,Seance (Kôrei),1005,73.53,Hanni
2,When in Rome,735,41.06,Tony
3,"Last Season, The",855,94.84,Reece
4,Cube Zero,1198,80.52,Lesli
5,"Stranger Within, The",135,54.96,Rowland
6,Gates of Heaven,547,32.09,Loleta
7,Lady in a Cage,754,32.62,Drew
8,"Rink, The",1327,80.07,Damara
9,"List of Adrian Messenger, The",229,29.17,Jaquenetta
10,"Other Dream Team, The",456,3.38,Dukey
11,Dead Tired (Grosse Fatigue),1417,48.35,Menard
12,Beginning of the End,993,84.78,Chev
13,"First Wives Club, The",1748,14.39,Cy
14,Three-Step Dance,1286,83.95,Lexis
15,"Beautiful Troublemaker, The (La belle noiseuse)",1489,66.87,Quincey
16,21 tapaa pilata avioliitto,1207,97.54,Ashlee
17,"Captain's Paradise, The",1533,40.87,Wait
18,All That Jazz,400,35.53,Cherilynn
19,Aragami,597,9.58,Jamie
20,Thesis on a Homicide,1382,75.47,Crosby
21,Kommissarie Späck,1374,47.04,Kim
22,Down to the Sea in Ships,1334,79.62,Garrott
23,"Last Exorcism, The",1579,80.8,Graeme
24,Three Resurrected Drunkards (Kaette kita yopparai),2055,43.84,Sari
25,Resolution,1812,1.08,Emelina
26,The Nativity,1524,3.71,Mallory
27,Give My Regards to Broad Street,1681,42.55,Georgeanne
28,The Gruffalo's Child,2074,43.89,Albertine
29,The Referees,1171,70.46,Monah
30,Baghead,1437,65.72,Jenine
31,Stargate: Continuum,2061,41.57,Vasili
32,8MM 2,1183,41.8,Tabbie
33,Victor/Victoria,2094,43.45,Harriette
34,Late Spring (Banshun),1647,80.35,Kris
35,Not Reconciled (Nicht versöhnt oder Es hilft nur Gewalt wo Gewalt herrscht),282,83.01,Shanon
36,"Fort Apache, the Bronx",345,26.94,Vyky
37,Scream of Fear (a.k.a. Taste of Fear),1745,24.7,Duff
38,Starlift,763,51.86,Berk
39,On a marché sur Bangkok,196,87.48,Anabelle
40,We Were Soldiers,162,86.32,Timmi
41,Loop the Loop (Up and Down) (Horem pádem),1137,73.95,Shanna
42,Ulysses (Ulisse),122,86.44,Cordey
43,"New World, The",583,33.53,Elwin
44,I'm the One That I Want,170,72.4,Barth
45,Masti,1633,98.24,Amble
46,So Dear to My Heart,131,24.77,Sheilakathryn
47,Evil - In the Time of Heroes (To kako - Stin epohi ton iroon),1846,7.51,Ingrim
48,Marvin Hamlisch: What He Did for Love,981,85.84,Meridith
49,Anchors Aweigh,642,16.76,Kata
50,With Fire and Sword (Ogniem i mieczem),2199,31.74,Davita
51,Ciao Bella,2072,7.08,Bernardina
52,George & A.J.,1117,30.39,Garik
53,Foreign Correspondent,1442,28.89,Hedvig
54,Whistle Down the Wind,1799,11.15,Bette-ann
55,Come Undone (Cosa voglio di più),1574,34.85,Gilda
56,"Chicken, the Fish and the King Crab, The (El pollo, el pez y el cangrejo real)",465,91.76,Dick
57,Deadtime Stories,1631,23.01,Wilie
58,Savage Grace,177,58.49,Jorry
59,Monty Python's Life of Brian,178,40.58,Oona
60,Boxcar Bertha,2173,49.57,Raynard
61,Workingman's Death,250,73.23,Nadeen
62,Safe,659,62.12,Ruy
63,She and Her Cat (Kanojo to kanojo no neko),418,47.03,Murial
64,"Mistress of Spices, The",1968,53.65,Elli
65,Resident Evil: Degeneration (Baiohazâdo: Dijenerêshon),2085,14.7,Eric
66,"Stolen Children (Ladro di bambini, Il)",1283,97.92,Anthe
67,Grant Morrison: Talking with Gods,1085,17.29,Giacopo
68,"Monster That Challenged the World, The",237,83.22,Arte
69,Year of the Dog,412,57.29,Maudie
70,Making the Grade,982,36.12,Emeline
71,Stay Hungry,165,71.25,Wake
72,Venice/Venice,706,46.75,Quent
73,Kiwi!,133,96.21,Rafe
74,Repast (Meshi),1975,22.62,Tedman
75,Rocky IV,1758,79.08,Roze
76,"Muppet Musicians of Bremen, The",1502,12.27,Daron
77,"Killing Room, The",1713,8.66,Babita
78,"City of the Living Dead (a.k.a. Gates of Hell, The) (Paura nella città dei morti viventi)",1042,26.1,Eben
79,"Ladies Man, The",173,65.79,Emmet
80,"Green Years, The",1913,76.82,Rahel
81,Vivere,1247,96.48,Kiley
82,"Double, The",827,17.6,Sutherland
83,Pokemon: The Movie 2000,2100,90.42,Tanner
84,The Kiss of Her Flesh,214,46.11,Reinald
85,"Awful Dr. Orlof, The (Gritos en la Noche)",703,60.87,Benedicta
86,Evelyn,228,48.22,Bentley
87,"Sheik, The",538,48.87,Jacky
88,The Land Before Time XII: The Great Day of the Flyers,755,9.94,Alexi
89,At First Sight,1780,73.43,Cole
90,Serrallonga,1232,80.08,Ashla
91,Rx,518,17.84,Jeana
92,Blackball,193,53.16,Shel
93,John Q,2195,60.37,Janifer
94,"Amazing Panda Adventure, The",1359,35.05,Rik
95,Blackmail,1802,94.1,Trumaine
96,Crash,591,59.97,Adel
97,Grave of the Fireflies (Hotaru no haka),1610,93.82,Demetrius
98,Babette's Feast (Babettes gæstebud),949,62.27,Merrill
99,Way Out West,380,67.89,Tremaine
100,Ladrones,410,36.05,Flemming
101,Bananaz,257,83.73,Carolan
102,Dirty Dozen: The Deadly Mission,574,25.63,Sheeree
103,"Think Fast, Mr. Moto",1177,98.4,Waylan
104,Armour of God II: Operation Condor (Operation Condor) (Fei ying gai wak),1005,50.02,Vicki
105,Tiny Furniture,1743,53.16,Mavra
106,"Story of Louis Pasteur, The",2029,98.64,Lizzy
107,"Violent Cop (Sono otoko, kyôbô ni tsuki)",808,56.91,Meyer
108,Bullets or Ballots,2126,72.75,Mia
109,Earth to Echo,1757,10.01,Janeczka
110,"Work of Director Michel Gondry, The",236,13.63,Erv
111,The Italian Connection,2081,92.62,Alisun
112,Kiki's Delivery Service,1180,32.19,Tresa
113,"Client, The",1601,53.06,Cobby
114,2001 Maniacs,921,77.52,Dwight
115,Scenes from the Class Struggle in Beverly Hills,1223,58.31,Cammy
116,Picture This,217,55.16,Janel
117,"Common Wealth (Comunidad, La)",1047,17.1,Madonna
118,One Week,1701,27.03,Cosmo
119,Raffles,2049,52.83,Mavis
120,"Stunt Man, The",2170,72.98,Nike
121,Seconds Apart ,863,53.89,Janenna
122,Smokey and the Bandit II,1231,78.98,Giacomo
123,The Last Journey,2006,28.02,Taddeo
124,Lassie,1195,90.13,Forster
125,Loser Takes All! (Qui perd gagne !),1437,2.72,Murdoch
126,Série noire,833,89.75,Kai
127,Running from Crazy,2141,19.32,Tania
128,"Conclave, The",974,40.37,Olivette
129,It's in the Water,548,59.84,Lovell
130,We'll Never Have Paris,1062,23.32,Mario
131,That's Black Entertainment,1202,60.79,Trumann
132,"Aristocats, The",517,72.73,Waverley
133,"Terror Within, The",1629,87.66,Nikos
134,Keep Walking (Camminacammina),1368,68.81,Faye
135,Rasen,1846,26.6,Keri
136,Old Joy,982,22.4,Ingar
137,World Traveler,1699,75.65,Bent
138,Drinking Buddies,864,9.19,Buddy
139,Day Watch (Dnevnoy dozor),1599,69.94,Milka
140,Ballerina (La mort du cygne),1170,99.93,Stanleigh
141,Sublime,228,19.94,Roxana
142,Blackboard Jungle,684,13.44,Orin
143,Secrets & Lies,284,8.71,Bambie
144,White Palace,1179,8.09,Larissa
145,"Left-Hand Side of the Fridge, The (Moitié gauche du frigo, La)",1734,41.3,Neila
146,Richard Pryor Live on the Sunset Strip,1982,47.93,Johnathon
147,We're No Angels,934,20.32,Bryce
148,"Paper Will Be Blue, The (Hîrtia va fi albastrã)",1318,70.41,Farly
149,Wild Target,1037,50.8,Antonetta
150,Breathless (À bout de souffle),1699,42.65,Byran
151,Dinner at Eight,251,21.43,Odille
152,Mega Shark vs. Giant Octopus,1776,40.09,Ricard
153,Tropical Fish (Re dai yu),1150,7.71,Hayden
154,Vincere,1157,5.32,Enrichetta
155,Fair Game,620,86.57,Doro
156,Puss in Boots,1093,29.36,Patin
157,Sun Valley Serenade,1505,45.18,Jarret
158,Meet the Fockers,1930,58.96,Ricoriki
159,"Tarzan, the Ape Man",345,67.83,Sarene
160,Dumb and Dumber To,1129,13.11,Ruy
161,Initial D (Tau man ji D),960,31.4,Joshua
162,"Machine, The",554,8.99,Artemas
163,The Merry Widow,1986,86.49,Sashenka
164,Harold and Kumar Go to White Castle,667,25.52,Donnie
165,"Young Lieutenant, The (Le petit lieutenant)",727,48.9,Alfredo
166,Stingray Sam,1628,84.72,Amerigo
167,Game Over,1925,71.46,Josy
168,A House of Secrets: Exploring 'Dragonwyck',1400,95.61,Latrena
169,"Beautiful Mind, A",1948,31.34,Lorie
170,From Dusk Till Dawn,641,79.03,Cull
171,Family Meeting,1708,9.25,Northrup
172,Kiss of the Damned,293,56.27,Janis
173,Ed Hardy: Tattoo the World ,184,34.47,Terza
174,French Film,1421,60.31,Malina
175,"Order of Myths, The",315,25.99,Sybyl
176,"New Age, The",2084,6.07,Cristie
177,Hum Aapke Hain Koun...!,1154,48.37,Rosette
178,Climates (Iklimler),1264,10.46,Geordie
179,"Island, The",536,66.22,Glynn
180,Grey Gardens,387,61.77,Tierney
181,Africa addio,504,32.17,Geoffry
182,"Unearthly, The",933,61.6,Izzy
183,Orwell Rolls in His Grave,1639,87.53,Kincaid
184,Mouchette,430,47.73,Vinny
185,Down Twisted,959,12.12,Karim
186,To Live (Huozhe),341,93.06,Denys
187,Out of the Clear Blue Sky,797,80.77,Karisa
188,Banklady,1536,18.02,Keriann
189,Split Second,943,11.74,Ferd
190,Hearts and Minds,797,68.23,Vittoria
191,Balls of Fury,1773,23.47,Prudy
192,"Quare Fellow, The (a.k.a. The Condemned Man)",736,56.28,Jeralee
193,Amorosa,1737,85.75,Filberte
194,Good For Nothing,475,21.66,Fernande
195,Legally Blonde,593,85.77,Dalila
196,We Were Soldiers,939,45.5,Neile
197,10 Mountains 10 Years,341,91.37,Johna
198,Broderskab (Brotherhood),1822,46.96,Reggi
199,Declaration of War (La Guerre est Déclarée),1110,55.27,Sasha
200,"Sum of All Fears, The",1272,69.72,Lorne
201,Deathwatch,1789,39.24,Alwyn
202,He Loves Me... He Loves Me Not (À la folie... pas du tout),1019,9.77,Trefor
203,"Associate, The",628,27.49,Pattie
204,Days and Nights in the Forest (Aranyer Din Ratri),310,94.32,Kamilah
205,Hecho en México,398,85.72,Pacorro
206,"Whole Ten Yards, The",926,87.0,Annabela
207,Take Me Home,213,57.5,Twyla
208,Young Mr. Lincoln,1999,41.43,Fredek
209,"Devil's Advocate, The",1567,82.99,Leonora
210,Frozen Assets,2121,31.98,Nicolea
211,Napoleon Dynamite,229,73.83,Katrine
212,Hillbillys in a Haunted House,751,19.6,Shell
213,August Rush,670,50.74,Kayla
214,Cowboy Bebop: The Movie (Cowboy Bebop: Tengoku no Tobira),1373,39.03,Virgie
215,Born on the Fourth of July,376,50.98,Tyne
216,Evangelion: 3.0 You Can (Not) Redo,1093,12.47,Tamiko
217,Beyond the Forest,723,34.31,Aurel
218,13 Beloved (13 game sayawng),1727,30.43,Catarina
219,Dog Park,1574,11.43,Tynan
220,Kandahar (Safar e Ghandehar),2018,97.17,Odell
221,The Invisible Boy,1561,70.26,Kienan
222,Simon,1152,89.91,Beryl
223,The Incident,1311,11.58,Brittany
224,Bad Luck Love,2132,3.9,Gillian
225,Skyscraper (Skyskraber),440,95.27,Juieta
226,Miss Meadows,2177,29.32,Fitzgerald
227,Armour of God II: Operation Condor (Operation Condor) (Fei ying gai wak),436,22.71,Othilie
228,Record of a Tenement Gentleman (Nagaya shinshiroku),868,20.69,Burton
229,Terminator 2: Judgment Day,201,99.79,Bordy
230,Universal Soldier: The Return,1597,26.59,Carroll
231,Junkopia,1673,31.53,Clementine
232,Mary and Martha,754,50.87,Brandon
233,Within the Woods,604,57.49,Lance
234,"Outsiders, The",1858,69.72,Fletch
235,Darkness Falls,1254,25.11,Wes
236,Swing Vote,1742,96.62,Marcellina
237,New Jack City,545,73.66,Atlante
238,Bon Voyage,672,37.13,Nichol
239,Love Story 2050,1837,33.85,Fiorenze
240,Back to 1942 ,2029,70.48,Cathyleen
241,Miracles,889,43.66,Robinetta
242,Modern Problems,1605,1.07,Gert
243,Meet the Spartans,983,78.93,Allyce
244,Gunday,153,37.55,Kendal
245,Dark Touch,435,67.43,Craggie
246,"Remains of the Day, The",2133,77.31,Amberly
247,Killers,497,79.34,Pooh
248,Drunks,579,78.85,Cleopatra
249,"301, 302 (301/302)",2197,73.28,Marie-ann
250,Neptune's Daughter,446,21.91,Gui
251,Dolls,1553,8.88,Gerri
252,CrissCross,279,47.64,Peyton
253,Ice Men,985,33.74,Lem
254,"Worthless, The (Arvottomat)",392,92.34,Teddie
255,"King and I, The",1112,85.06,Dev
256,Ten,533,90.7,Elroy
257,"Closet, The (Placard, Le)",664,54.03,Eddy
258,Kaksparsh,308,18.07,Konstantin
259,Letters to Juliet,1599,17.59,Kerry
260,Forty Shades of Blue,316,93.27,Addia
261,My Sweet Pepper Land,532,60.24,Dolorita
262,This Is Spinal Tap,930,84.21,Raffarty
263,"Intruder, The (L'intrus)",749,24.0,Ignatius
264,"Fallen Sparrow, The",1434,97.93,Bondon
265,Sweetie,292,20.54,Mellie
266,Funny About Love,917,20.33,Corrinne
267,Dead on Time,590,93.84,Ailey
268,Don't Think About It (Non Pensarci),1627,7.14,Sada
269,Louis Cyr: The Strongest Man in the World,1738,92.35,Jeanine
270,Devil's Playground,1215,41.35,Calli
271,Darling,2105,52.62,Cymbre
272,Cobra Woman,1713,66.18,Renaud
273,Eccentricities of a Blonde-haired Girl (Singularidades de uma Rapariga Loura),630,87.28,Kenneth
274,Pride and Prejudice,414,9.39,Jaine
275,Morons From Outer Space,2038,61.62,Imogene
276,Streets of Laredo,1230,63.89,Charmaine
277,"Dinner, The (Diner, Het)",1926,49.82,Kippy
278,Stargate,230,13.66,Nate
279,9th Company,1435,12.78,Biddie
280,St. Elmo's Fire,2121,4.11,Hasheem
281,Prata Palomares,255,88.61,Brendin
282,"Dinner, The (Diner, Het)",1697,88.45,Gina
283,3 Ninjas,272,40.33,Ozzie
284,Cheeky Girls,233,58.32,Norene
285,"Prophet, A (Un Prophète)",684,60.14,Mirilla
286,"Sentinel, The",1064,68.91,Steffane
287,"Vie meilleure, Une (Better Life, A)",1795,26.81,Parry
288,"Bikini Carwash Company, The",1275,89.41,Wyatt
289,Men in Black III (M.III.B.) (M.I.B.³),1570,28.52,Bill
290,American Ninja,715,81.86,Jocelin
291,GLOW: The Story of the Gorgeous Ladies of Wrestling,831,90.47,Kele
292,Meatballs 4,1083,41.1,Rebekah
293,Step Up,1915,57.03,Hermie
294,Giger's Necronomicon,878,70.94,Leah
295,Bullet,1992,82.74,Tory
296,Sun Don't Shine,2039,67.63,Alie
297,Better Than Chocolate,363,74.91,Maurise
298,Stonewall,1549,62.18,Brenn
299,Private Romeo,1145,44.27,Gregorio
300,"Phantom Tollbooth, The",2120,84.69,See
301,"Sword and the Dragon, The (Ilya Muromets)",459,93.73,Meggy
302,"Fist of Fury (Chinese Connection, The) (Jing wu men)",875,7.32,Palmer
303,Stray Cat Rock: Delinquent Girl Boss (Nora-neko rokku: Onna banchô),1250,91.07,Odele
304,Wild Target,1965,86.09,Wat
305,Romero,1980,15.06,Ardelle
306,Executioners (Xian dai hao xia zhuan),946,33.54,Perren
307,Bucktown,1699,29.24,Humfrid
308,The Child and the Policeman,1445,31.87,Helyn
309,Stone Reader,1556,10.21,Garald
310,Spinning Plates,1699,9.58,Jarrid
311,FM,547,18.56,Delmar
312,Gotcha!,219,65.08,Mort
313,"War of the Roses, The",861,38.24,Kaspar
314,Nativity 2: Danger in the Manger!,1640,33.6,Fabien
315,Andrew Dice Clay: Indestructible,748,62.39,Abner
316,Barbed Wire,1710,51.37,Tamma
317,Louisiana Story,2019,98.33,Gwyn
318,"Exterminating Angel, The (Ángel exterminador, El)",1655,35.59,Willard
319,Hawking,480,96.94,Chucho
320,Car Wash,1147,40.83,Amerigo
321,Ocean's Eleven,1079,66.13,Cathrin
322,"Day in the Country, A (Partie de campagne)",802,62.09,Eli
323,No Man of Her Own,795,28.51,Theodor
324,"Storm Warriors, The (Fung wan II)",535,72.9,Dillie
325,Gossip,637,27.26,Glynnis
326,To Paint or Make Love (Peindre ou faire l'amour),588,7.96,Addie
327,"Deal, The",2112,51.67,Merell
328,"Blade, The (Dao)",1218,11.97,Grazia
329,Flatliners,2104,96.14,Simona
330,Ill-Fated Love (Doomed Love) (Amor de Perdição),771,7.85,Baird
331,Waiting for Happiness (Heremakono),1085,47.34,Margret
332,V2: Dead Angel (Vares 2 - Jäätynyt Enkeli),664,30.85,Doretta
333,"Henry V (Chronicle History of King Henry the Fift with His Battell Fought at Agincourt in France, The)",1556,28.86,Rodie
334,Semi-Pro,1651,55.1,Alex
335,Village of the Damned,1010,5.53,Gwenette
336,Haaveiden kehä,1101,81.38,Gilbertina
337,"Erotic Man, The",1651,20.38,Royce
338,11:14,1282,54.86,Petronille
339,Troop Beverly Hills,1784,83.15,Juan
340,"Devil Wears Prada, The",639,38.04,Betsy
341,"Natural, The",814,69.15,Alica
342,Outrage,946,36.11,Reynard
343,Dementia (a.k.a. Daughter of Horror),100,76.8,Netta
344,Hoodlum,1894,29.9,Dugald
345,Blackout,1419,5.2,Desmond
346,Big Shots,137,82.32,Kelsy
347,"Pilgrim, The",1199,76.65,Wernher
348,18 Fingers of Death!,439,56.75,Walker
349,Branded,2086,63.3,Aggi
350,How I Live Now,184,64.24,Elyn
351,"Incredibly True Adventure of Two Girls in Love, The",1949,46.84,Wait
352,Combien Tu M'aimes? (How Much Do You Love Me?),128,55.57,Thaddus
353,Salaam-E-Ishq,2103,76.66,Aylmer
354,Very Annie Mary,827,87.31,Karole
355,"Perils of Pauline, The",1035,68.4,Kaitlyn
356,Desperately Seeking Susan,1712,7.21,Gardener
357,An Alligator Named Daisy,2149,31.01,Nap
358,Angus,1014,92.71,Christoper
359,"Boynton Beach Bereavement Club, The",1503,6.31,Ofelia
360,Hustle & Flow,487,90.88,Tamera
361,Sword of the Beast (Kedamono no ken),1766,97.22,Kathrine
362,Maleficent,1856,19.07,Hunfredo
363,I Knew It Was You: Rediscovering John Cazale,1395,88.09,Carl
364,"Unlikely Weapon, An",2085,22.31,Dar
365,Cure,723,40.14,Maurene
366,My Mother's Smile (a.k.a. The Religion Hour) (L'ora di religione) (Il sorriso di mia madre),774,17.86,Tine
367,Motocrossed,2074,83.73,Diandra
368,Daughter from Danang,2142,74.23,Gauthier
369,Emmanuelle 2,983,68.04,Bengt
370,Wuthering Heights,912,99.48,Jemie
371,"Fly, The",1581,65.61,Keene
372,"Relic, The",1703,74.57,Bernita
373,"Science of Sleep, The (La science des rêves)",1624,82.37,Mariellen
374,Last Life in the Universe (Ruang rak noi nid mahasan),452,37.6,Isadore
375,My Name Is Nobody (Il Mio nome è Nessuno),1965,34.45,Magdalena
376,All These Women (För att inte tala om alla dessa kvinnor),2123,14.09,Jojo
377,The Diary of Anne Frank,545,86.91,Brita
378,"Pearl, The (La perla)",620,44.1,Terry
379,About Last Night...,846,4.84,Kevyn
380,Shotgun Stories,713,84.36,Kesley
381,"Hole in My Heart, A (Hål i mitt hjärta, Ett)",1489,88.35,Reine
382,"Take, The",516,53.06,Teresina
383,Prinsessa (Starring Maja),651,99.7,Dennison
384,"Addiction, The",551,7.28,Nicky
385,"American Tail, An",878,96.71,Manolo
386,Girls on Top,1353,95.42,Josh
387,Penguins of Madagascar,856,96.54,Simone
388,Requiem,1689,62.41,Rainer
389,Angels Sing,658,24.32,Katheryn
390,Sunrise: A Song of Two Humans,1874,6.78,Crissie
391,Baran,1206,20.1,Eleanora
392,Ticket To Romance (En enkelt til Korsør),623,8.13,Moses
393,Embrace of the Vampire,1634,22.22,Helen
394,"Diebuster ""Top wo Narae 2""",1117,56.34,Olenolin
395,"White Stripes Under Great White Northern Lights, The",1712,55.34,Kattie
396,"Mating Season, The",1017,63.55,Kellen
397,"Last Man, The",175,64.52,Shermie
398,Cyclomania,1358,45.21,Lavinia
399,Impulse,804,96.36,Merrick
400,It's All Gone Pete Tong,1425,2.27,Charis
401,Witness for the Prosecution,430,42.37,Selby
402,Iran Is Not the Problem,2057,91.5,Colene
403,Wild Guitar,879,66.35,Cornie
404,Nine Lives,1866,24.78,Fayina
405,Uprising,409,84.65,Cristin
406,Record of a Tenement Gentleman (Nagaya shinshiroku),216,68.81,Eddi
407,"Bulli: Cooking in Progress, El",1608,32.89,Briny
408,Orderers (Les ordres),2044,56.76,Kirby
409,"Devil at 4 O'Clock, The",1700,61.3,Corby
410,"Ugly, The",1129,62.65,Marylinda
411,"Battered Bastards of Baseball, The",126,82.88,Hildegaard
412,Welcome to the South (Benvenuti al Sud),1447,43.25,Rockie
413,"Pillow Book, The",135,1.65,Lark
414,L.I.E.,1813,64.61,Sigvard
415,Easy to Love,1093,96.62,Tracy
416,Scrooged,2113,66.06,Chryste
417,Cruel Intentions 3,963,96.88,Peta
418,The Fearmakers,946,21.57,Dimitri
419,Sabrina,2027,90.61,Nert
420,"Man on the Train (Homme du train, L')",1123,85.43,Westbrook
421,No Place to Hide,660,34.55,Rodi
422,Maiden's Cheek (To xylo vgike apo ton Paradeiso),1535,50.38,Fan
423,Dogfight,1119,16.06,Uriel
424,Till Human Voices Wake Us,1901,38.39,Renato
425,"Lover, The (Amant, L')",1748,66.29,Dane
426,Man on the Flying Trapeze,1425,93.06,Stearn
427,"Wedding Singer, The",1827,47.25,Hillie
428,Imaginary Heroes,348,59.13,Bibbie
429,Life in a Day,1562,39.95,Hadley
430,"Premature Burial, The",819,82.22,Neron
431,"Night in Old Mexico, A",1056,13.82,Hurlee
432,Nine Dead Gay Guys,1141,11.81,Kath
433,Two Brothers (Deux frères),2072,49.3,Koo
434,Big Fan,188,61.55,Gerry
435,Wieners,862,63.53,Vincents
436,Super Demetrios,1149,29.02,Clarke
437,Wrecked,332,94.39,Roanna
438,"Cellar, The (Huset vid vägens ände)",509,31.37,Ricardo
439,Mona Lisa Smile,1507,5.45,Salaidh
440,"Magnificent Yankee, The",669,98.84,Mariquilla
441,Regeneration,738,8.75,Matias
442,Bekas,1734,24.73,Stefa
443,"Oil, the Baby and the Transylvanians, The (Pruncul, petrolul si Ardelenii)",249,8.63,Franciskus
444,"Architecture of Doom, The (Undergångens arkitektur)",1798,92.61,Darren
445,That's Entertainment,2140,77.34,Ardella
446,Bob's Birthday,1576,49.53,Ervin
447,Return of the Living Dead: Rave to the Grave,2053,16.95,Lenka
448,Bachelor Night,622,39.14,Pooh
449,Shakedown,960,27.42,Brent
450,You Killed Me First,1872,25.04,Yule
451,Sharpe's Battle,2056,5.23,Robbert
452,"New Daughter, The",1303,16.04,Paxton
453,Wilson,729,57.22,Shawn
454,Tribes,648,70.89,Melodee
455,Do the Right Thing,1177,83.32,Alden
456,Savior,1206,77.22,Sophronia
457,Stealing Harvard,322,67.36,Dorthea
458,Brutal Relax,1664,43.24,Prentice
459,"Billy Two Hats (Lady and the Outlaw, The)",1926,75.36,Maurie
460,Salvatore Giuliano,2063,52.09,Melisent
461,Winter of Discontent,1345,23.85,Deena
462,Photographing Fairies,410,49.63,Anabelle
463,"Cowboy Way, The",2193,12.63,Ailis
464,Ménage (Tenue de soirée),742,63.68,Archer
465,The Rabbi's Cat (Le chat du rabbin),1330,44.2,Kip
466,X-Men,1063,90.27,Andriana
467,Jimi Hendrix: Hear My Train A Comin',897,95.39,Luce
468,Caterina in the Big City (Caterina va in città),1733,91.07,Austen
469,Knight Without Armor,1244,76.39,Lou
470,Storyville,303,4.31,Jocelin
471,Son of Flubber,1808,93.51,Hallie
472,The Cat's Out,945,11.02,Sorcha
473,Toy Story 3,1191,24.57,Daveta
474,Clockwatchers,1081,34.02,Phylis
475,Daddy's Dyin'... Who's Got the Will?,1384,15.1,Leon
476,"Soldier's Plaything, A",284,38.9,Vittoria
477,Quo Vadis,792,15.85,Carver
478,Fido,1229,45.65,Olly
479,Retro Puppet Master (Puppet Master 7),1822,4.32,Jdavie
480,Fahrenheit 451,614,28.43,Gabrielle
481,"Color of Money, The",826,9.15,Judah
482,Pickup on South Street,1697,13.95,Doll
483,"Mask of Fu Manchu, The",819,97.67,Mattie
484,Nickelodeon,412,53.91,Oberon
485,"Vanquished, The (I vinti)",1505,76.4,Ruthe
486,Jungle Fever,568,72.35,Christoforo
487,Hellraiser,1645,87.34,Orel
488,Love Can Seriously Damage Your Health,1676,16.54,Tiphanie
489,009 Re: Cyborg,1962,59.61,Terrel
490,Children of the Corn V: Fields of Terror,309,99.6,Ed
491,Alone in the Dark,527,93.68,Ken
492,High Time (Big Daddy),2154,43.44,Harcourt
493,Link,877,25.63,Charlean
494,Mighty Morphin Power Rangers: The Movie,1296,15.98,Byrle
495,Madame Butterfly,1761,22.04,Asher
496,Parental Guidance,1054,88.12,Jammie
497,"Damsel in Distress, A",963,53.84,Corabelle
498,Baadasssss! (How to Get the Man's Foot Outta Your Ass),1688,26.24,Raffaello
499,Greyfriars Bobby (a.k.a. Greyfriars Bobby: The True Story of a Dog),1856,58.72,Fern
500,BloodRayne: The Third Reich,287,62.98,Bette
501,One Fine Spring Day (Bomnaleun ganda),362,8.86,Lenette
502,Don't Give Up the Ship,485,43.95,Duane
503,Libeled Lady,1470,50.84,Adella
504,"Assault, The (Aanslag, De)",705,60.06,Krystle
505,"Love Movie, The (Rakkauselokuva)",142,86.92,Fergus
506,Sapphire,434,33.79,Melody
507,Rogue Trader,1045,56.84,Trent
508,"Darwin Awards, The",1260,4.91,Aridatha
509,None But the Lonely Heart,1922,60.84,Michele
510,Derek,1504,17.36,Natalya
511,Almost Married,1622,82.47,Christiana
512,Under Capricorn,841,3.52,Shaughn
513,"Brothers Bloom, The",352,48.04,Brittni
514,Digging for Fire,1799,28.54,Gordon
515,Season of the Witch,886,50.56,Tirrell
516,Blood Ties,492,9.04,Karmen
517,Piranha 3DD (a.k.a. Piranha DD),1446,93.99,Sari
518,Voyager (Homo Faber),451,98.02,Nelli
519,711 Ocean Drive,1433,67.03,Editha
520,Lucky: No Time For Love,136,95.56,Lynett
521,Grand Prix,661,63.59,Warren
522,Territories ,506,56.75,Gaynor
523,"Vampire Lovers, The",1585,14.73,Anatollo
524,Paid,775,55.66,Gaspard
525,"Frighteners, The",1011,14.02,Jenn
526,Traffic,258,57.98,Odell
527,Solitary Man,915,46.68,Gertie
528,Die Fighting,1845,32.36,Hildegarde
529,V,1630,7.48,Estel
530,This Movie Is Broken,504,24.6,Thedric
531,"Doom Generation, The",1922,85.76,Danyelle
532,Sallah,977,54.76,Shepard
533,Scorcher,2020,76.71,Doti
534,White Water Summer,2031,55.39,Agnesse
535,Blonde Ice,306,86.32,Alyce
536,I Feel Sleepy,1610,37.11,Lea
537,"Have Rocket, Will Travel",1406,43.55,Audre
538,Stuck in Love,1924,38.93,Carson
539,Game of Death,1727,40.47,Shep
540,How Hitler Lost the War,1922,48.47,Warner
541,Pure One (Pakeezah),2047,31.09,Willie
542,Richard Pryor Live on the Sunset Strip,133,53.7,Wolfy
543,Bikini Summer II,398,28.46,Benn
544,The Wrecking Crew,374,4.67,Clyve
545,Blood Alley,2129,77.99,Willetta
546,Vinci,2026,76.4,Waylon
547,"Last Kiss, The",863,22.12,Melloney
548,Strip Search,800,70.14,Geoffrey
549,"Park Avenue: Money, Power and the American Dream",908,5.18,Cherianne
550,Just Like Us,2003,81.89,Toddie
551,"Long Good Friday, The",2015,82.68,Krystal
552,"Mists of Avalon, The",1238,13.02,Filmer
553,Mad Dogs & Englishmen,1914,4.1,Berty
554,Dark House,861,94.33,Odell
555,11 x 14,1443,61.83,Mureil
556,Far North,1069,47.28,Vanna
557,"Intern, The",764,9.58,Mina
558,"Wedding Weekend, The (Sing Now or Forever Hold Your Peace) (Shut Up and Sing)",1793,69.4,Aridatha
559,Rain or Shine,2072,84.58,Gianni
560,Hollywood Ending,1486,8.41,Dev
561,"Beaver, The",1716,60.14,Saunder
562,Last Winter (L'hiver dernier),684,9.07,Marylynne
563,"Aviator's Wife, The (La femme de l'aviateur)",1971,69.33,Leonerd
564,"Mad Masters, The (Les maîtres fous)",1264,78.81,Ninetta
565,"Loss of a Teardrop Diamond, The",2138,40.71,Philip
566,Sweet Bird of Youth,1179,69.72,Rosalia
567,Barney's Great Adventure,2078,29.73,Marina
568,Retro Puppet Master (Puppet Master 7),314,47.49,Alwin
569,Nick the Sting,1291,26.05,Darelle
570,Men of Means,2150,46.03,Will
571,The Cop in Blue Jeans,985,1.18,Newton
572,"Spiders, Part 2: The Diamond Ship, The (Die Spinnen, 2. Teil - Das Brillantenschiff)",1961,47.9,Sig
573,"Stranger Within, The",1321,98.4,Antonino
574,No Flesh Shall Be Spared,195,37.93,Mercy
575,Quiet City,1807,20.88,Atlanta
576,Once Upon a Time (Der var engang),255,28.17,Dominick
577,Reasonable Doubt,1685,82.96,Karlene
578,Driven to Kill,386,91.48,Donna
579,How to Make an American Quilt,1526,55.73,Brina
580,Bolivia,932,73.7,Katharyn
581,"Prince and the Showgirl, The",478,63.26,Hyacintha
582,Suicide Manual (Jisatsu manyaru),739,94.67,Neel
583,Wish You Were Here,1301,83.25,Barret
584,28 Days,1421,58.31,Isacco
585,"Good Morning, Night (Buongiorno, notte)",812,55.54,Ruy
586,"Serious Man, A",1816,48.78,Hortense
587,Rocky VI ,621,96.46,Gisela
588,"Welcome Home, Roscoe Jenkins",111,32.15,Linnet
589,Wilder Napalm,2058,28.08,Thornton
590,The Last Five Years,1229,12.34,Sylvan
591,Defense of the Realm,1334,83.69,Dannie
592,Feast,1390,2.41,Aubrey
593,"Doom Generation, The",1757,11.12,Ronny
594,Johnny Suede,1323,88.57,Ruby
595,Bohemian Eyes (Boheemi elää - Matti Pellonpää),1877,25.61,Justine
596,"Swan Princess: Escape from Castle Mountain, The",1456,84.96,Lester
597,Blind Fury,1569,45.13,Wald
598,"Quest for Fire (Guerre du feu, La)",2154,16.25,Hershel
599,Gifted Hands: The Ben Carson Story,1934,44.38,Wally
600,Medea,510,38.36,Cornall
601,10 to Midnight,547,91.39,Gregoire
602,A Good Marriage,1509,53.89,Jacob
603,Burt's Buzz,1149,74.89,Linea
604,The Mascot,1967,52.23,Suki
605,A Rumor Of War,2092,23.23,Tymothy
606,Sunes sommar,1778,7.95,Jobi
607,Populaire,1761,9.95,Morgen
608,Rise of the Planet of the Apes,1236,93.97,Abdel
609,Miracle on 34th Street,2106,10.15,Fern
610,Alice in Murderland,383,12.22,Rayna
611,3 Godfathers,1440,7.81,Neron
612,"Million, Le (Million, The)",448,28.36,Kristine
613,Cocktail,1265,71.6,Oliver
614,Where the Heart Is,1382,22.07,Fonzie
615,Disgrace,868,62.58,Kilian
616,Crimes and Misdemeanors,495,58.3,Marion
617,"Losers, The",2002,1.7,Eve
618,Miss Congeniality,1660,27.74,Gardner
619,Earthsea (Legend of Earthsea),666,54.11,Roselin
620,Erasing David,1997,61.4,Melisent
621,Rich and Famous,344,37.61,Uri
622,Portrait of Wally,397,41.96,Sharon
623,Is It Easy to be Young?,1839,74.77,Evin
624,What Matters Most,249,79.2,Eleni
625,Moonrise,2123,60.95,Jarvis
626,Unforgotten: Twenty-Five Years After Willowbrook,2083,92.28,Spense
627,Bread and Chocolate (Pane e cioccolata),1829,34.21,Ellen
628,"Fallen Idol, The",1547,99.4,Fidelia
629,"Terminal Man, The",635,59.61,Hamid
630,Lost in Beijing (Ping guo),1155,5.56,Timmie
631,Dark and Stormy Night,2073,9.66,Phedra
632,Pépé le Moko,103,26.82,Doralin
633,"Condemned, The",2147,78.35,Margareta
634,Vampire Apocalypse,202,64.77,Laurens
635,One 2 Ka 4,2034,36.56,Alon
636,Man of a Thousand Faces,628,44.41,Dennison
637,"Killing of John Lennon, The",794,50.57,Bern
638,"Phenix City Story, The",688,75.72,Wilona
639,Revenge of the Nerds III: The Next Generation,602,33.78,Robenia
640,"Redemption of General Butt Naked, The",1359,10.49,Wallie
641,"Mystery, Alaska",1385,72.2,Sarge
642,Grandma's Boy,2071,91.5,Rodie
643,"Chamber, The",458,16.61,Rhea
644,Mushrooming (Seenelkäik),630,71.02,Chase
645,Freedom Downtime,531,11.29,Gus
646,Welcome to Sherwood! The Story of 'The Adventures of Robin Hood',784,81.65,Joshua
647,Godzilla vs. The Sea Monster (Gojira-Ebira-Mosura: Nankai no daiketto),1978,53.54,Edeline
648,Something New,1691,18.63,Isak
649,Anna,128,19.89,Marion
650,"Long Absence, The (Une aussi longue absence)",1062,58.09,Gustave
651,Baby... Secret of the Lost Legend,1571,21.52,Yankee
652,"Lady Vanishes, The",277,91.96,Harmonia
653,Freedom Song,2062,19.3,Tanner
654,Miss Kicki,1744,96.45,Salaidh
655,"Adventures of Pinocchio, The",1659,50.32,Allister
656,The Dependent,662,78.25,Skipp
657,Stroszek,1245,1.13,Hamish
658,"Bridge, The (Most)",1033,89.72,Janos
659,The Happy Road,1314,73.8,Edgard
660,Seven Up!,1809,4.53,Ulysses
661,"Star Witness, The",198,52.68,Cristionna
662,On Moonlight Bay,1126,58.92,Kipper
663,"America, America",1787,4.77,Ogden
664,The Fool,2054,68.95,Doralyn
665,"Dead Zone, The",289,51.15,Harriott
666,Carnages (a.k.a. Carnage),983,35.5,Arman
667,East-West (Est-ouest),1886,93.24,Seana
668,"Ghost and Mrs. Muir, The",1653,34.03,Darya
669,Last Passenger,1386,2.84,Hilda
670,Love and Pigeons,380,67.19,Virgina
671,Dream Land,842,19.94,Maggie
672,Dolly and Her Lover (Räpsy ja Dolly eli Pariisi odottaa),2059,71.49,Lonee
673,Transmorphers,1609,56.14,Tedmund
674,Our Paradise (Notre paradis),1228,88.24,Bellanca
675,Manrape (Män kan inte våldtas) ,662,78.88,Janifer
676,Letter from Siberia,526,6.78,Dixie
677,Diary of a Chambermaid,195,31.49,Julie
678,"Indian Tomb, The (Das indische Grabmal)",383,92.01,Perl
679,"Hard Day's Night, A",1313,51.72,Daphene
680,Million Dollar Mermaid,799,62.24,Joanne
681,The Diary of an Unknown Soldier,1955,10.23,Pattie
682,"House on the Edge of the Park, The (Casa sperduta nel parco, La)",621,64.8,Dill
683,Force Majeure (Turist),1426,98.73,Vinita
684,"Dead Zone, The",585,51.25,Trudey
685,Four Sons,132,2.89,Sofia
686,"Man Called Peter, A",922,66.28,Annmarie
687,Death in Venice (Morte a Venezia),1115,93.84,Catlin
688,"Ciao, Professore! (Io speriamo che me la cavo)",1848,29.08,Leila
689,Shooting Dogs (a.k.a. Beyond the Gates),634,60.59,Kari
690,Crime of Passion,191,12.23,Syman
691,The Whisperer in Darkness,199,5.1,Berkley
692,Bag of Bones,1720,46.43,Caesar
693,Sky Murder,2185,92.95,Zeb
694,Black Eagle,1895,50.67,Wilbur
695,Wyrmwood,1321,41.03,Innis
696,"Incubus, The",2018,99.45,Munroe
697,"Cutting Edge: The Magic of Movie Editing, The",1233,21.4,Sibyl
698,"Bat People, The",358,94.34,Vevay
699,Night Train To Lisbon,1518,69.15,Carce
700,"Misérables, Les",917,87.79,Gerrard
701,Perils of the Sentimental Swordsman,157,68.05,Erna
702,"Blue Max, The",1592,17.55,Gabriele
703,Dance Flick,2083,64.83,Delmer
704,Transsiberian,698,48.27,Dael
705,Downloading Nancy,1220,50.04,Sorcha
706,Air Bud,154,30.25,Zane
707,7 Dwarves: The Forest Is Not Enough,767,40.12,Amber
708,My Mother Likes Women (A mi madre le gustan las mujeres),901,20.64,Obadiah
709,Pushover,918,81.9,Les
710,New in Town,1676,7.84,Sheff
711,"Man Called Horse, A",401,60.15,Cordey
712,Chungking Express (Chung Hing sam lam),1555,46.04,Slade
713,"Friend of Mine, A (Ein Freund von mir)",2172,31.69,Malorie
714,Extraction,1852,81.66,Keefe
715,Murder by Proxy: How America Went Postal,1710,66.99,Cassondra
716,"Bûche, La",1610,35.35,Philippa
717,Ocean's Twelve,2039,2.06,King
718,Black Narcissus,2057,58.41,Wilhelmine
719,2001: A Space Odyssey,1149,36.14,Lonee
720,Edward II,670,22.79,Wayne
721,Madhouse,171,68.6,Vivian
722,Ghosts of Mars,1670,47.87,Lesley
723,Racing Dreams,611,15.72,Izak
724,"Lawless, The",1160,31.42,Basilius
725,"Front Page, The",2068,10.28,Pippo
726,Canadian Bacon,1598,98.64,Magda
727,Company of Heroes,1769,97.98,Milzie
728,Assassination of a High School President,1874,65.44,Dorita
729,Life Is a Long Quiet River (La vie est un long fleuve tranquille),1749,48.99,Milena
730,Resolution,494,86.59,Orel
731,Clouds of Sils Maria,1830,90.52,Hashim
732,Wrong Rosary (Uzak ihtimal),1242,13.14,Ives
733,14 Hours (Fourteen Hours),1069,87.65,Philbert
734,What Is It?,573,70.21,Marchall
735,"Lot Like Love, A",1361,91.04,Belia
736,"House of Small Cubes, The (Tsumiki no ie)",324,42.52,Roarke
737,"Last House on the Left, The",1300,31.95,Forest
738,56 Up,484,88.12,Lauri
739,Under the Domim Tree (Etz Hadomim Tafus),1846,22.21,Erhard
740,Compulsion,1274,31.02,Bev
741,"Mercredi, folle journée!",670,4.97,Jobina
742,Komodo,1169,11.2,Billy
743,Too Tough to Die: A Tribute to Johnny Ramone,1237,86.54,Bogey
744,Ghost Adventures,718,11.36,Emmit
745,Superman,679,58.41,Devlin
746,Monsignor,1804,28.93,Reinaldos
747,Teen Witch,1565,70.45,Agnella
748,Village of the Damned,556,79.44,Gordy
749,Clockwatchers,1642,19.48,Sari
750,Putzel,2193,49.0,Hilary
751,The Well,435,22.26,Lyndsie
752,Krakatoa: The Last Days,201,95.15,Joelle
753,Escape from the Planet of the Apes,618,90.06,Fulvia
754,Rampage at Apache Wells,2049,96.17,Constanta
755,"Bridges at Toko-Ri, The",1436,84.86,Jo
756,"Snowman, The",272,43.89,Ingmar
757,Source Code,569,47.66,Randie
758,"Confession, The",125,36.85,Angel
759,Dersu Uzala,985,15.97,Michail
760,Flight of Fury,480,71.6,Dodi
761,"Man Who Planted Trees, The (Homme qui plantait des arbres, L')",819,62.38,Otho
762,"Strange Color Of Your Body's Tears, The (L'étrange couleur des larmes de ton corps)",851,36.89,Errol
763,Noi the Albino (Nói albinói),420,99.31,Zelig
764,Curdled,510,86.18,Vivianna
765,Race to Witch Mountain,1185,98.02,Tyrone
766,My Favorite Blonde,890,36.89,Maridel
767,"Hunchback of Notre Dame, The (Notre Dame de Paris)",2072,17.23,Ciro
768,Dead Heat on a Merry-Go-Round,528,12.6,Kaleena
769,Teacher's Pet,316,33.03,Allx
770,"Awful Dr. Orlof, The (Gritos en la Noche)",434,47.11,Valina
771,Delusions of Grandeur (La folie des grandeurs),1008,93.06,Nicolis
772,Avalon,607,68.03,Kathrine
773,Palms (Ladoni),2091,71.1,Laurette
774,Manufactured Landscapes,1262,8.77,Rice
775,French Fried Vacation (Les Bronzés),1241,59.15,Rock
776,Cry-Baby,558,96.04,Larissa
777,Unfaithfully Yours,1184,83.4,Andria
778,Committed,349,98.31,Therese
779,Passion Fish,493,5.35,Durant
780,Adam's Apples (Adams æbler),918,12.92,Sargent
781,Casino Jack,1336,50.58,Valentin
782,The Five Man Army,989,71.52,Kacie
783,Critical Condition,1605,33.81,Neddy
784,How to Be a Serial Killer,2033,7.91,Karney
785,Heiter bis wolkig,1003,15.21,Jard
786,Bait,448,28.84,Michael
787,U-571,726,9.67,Kimberlyn
788,Auggie Rose (a.k.a. Beyond Suspicion),1118,95.96,Gerhardine
789,Destiny Turns on the Radio,1858,4.76,Piggy
790,For a Lost Soldier (Voor een Verloren Soldaat),1907,13.48,Tammi
791,La dama boba,1715,48.66,Trumann
792,Lone Wolf and Cub: Baby Cart in Peril (Kozure Ôkami: Oya no kokoro ko no kokoro),1846,76.62,Violetta
793,In Love and War,1323,22.68,Laural
794,Break Up,623,44.58,Kerby
795,The Batman vs. Dracula,1455,27.06,Kathryn
796,Sacred Heart,1669,31.73,Caroljean
797,"Big Parade, The",1085,86.79,Gerek
798,Ruby Sparks,1358,15.11,Gus
799,Roadie,1683,41.79,Gustavo
800,Bleak Night,1261,79.12,Bucky
801,Joyride,427,14.85,Angelina
802,Suspicious River,2023,91.56,Gerrard
803,Them (Ils),1579,46.86,Flemming
804,"Lodger, The",1501,62.5,Ernst
805,I Love Your Work,1296,86.58,Elicia
806,American Crude,900,2.16,Templeton
807,Stars in My Crown,1327,44.83,Carleton
808,Delicatessen,1500,53.95,Caldwell
809,Flipped,1746,56.98,Babs
810,Men in White,1091,5.19,Shirl
811,G@me,1150,18.76,Lilli
812,"Sky's the Limit, The",264,96.7,Adelheid
813,Sambizanga,293,9.33,Wallache
814,Mother Lode,923,98.97,Nolana
815,Ascension,2073,80.2,Hurley
816,DuckTales: The Movie - Treasure of the Lost Lamp,804,7.84,Tamarah
817,Shrek Forever After (a.k.a. Shrek: The Final Chapter),1364,93.88,Sonny
818,"World Unseen, The",616,53.97,Waldo
819,A Connecticut Yankee in King Arthur's Court,169,78.01,Dorette
820,The 11 Commandments,1438,26.25,Debby
821,"Devil and Miss Jones, The",1713,87.3,Natividad
822,Just a Gigolo,699,10.52,Devin
823,"Kings of Summer, The",1806,85.86,Nelie
824,Deception,1638,74.49,Chancey
825,Frankie and Johnny,915,85.12,Mindy
826,Rambo III,384,50.5,Griffie
827,"Deadly Mantis, The",1967,87.53,Coralie
828,Jolene,1931,24.75,Franchot
829,Blind Dating,884,6.09,Monte
830,"Hairdresser's Husband, The (Le mari de la coiffeuse)",649,78.6,Bibby
831,Cloudland,132,49.88,Osmond
832,Under the Volcano,431,18.95,Beulah
833,Thunder Bay,362,53.11,Ursuline
834,"Roaring Twenties, The",1036,22.43,Titus
835,Finding Normal,2152,97.24,Clem
836,"Crew, The",1817,43.71,Donetta
837,Pure,2062,42.03,Ellary
838,Hot Dog... The Movie,1142,65.76,Audra
839,"Secret Policeman's Other Ball, The",1094,99.67,Xerxes
840,Tu£sday,1617,45.65,Tabby
841,Here and There (Tamo i ovde),722,1.96,Web
842,Kitty,1527,78.74,Delia
843,Drive Angry,1988,32.8,Addi
844,Screamers,927,15.11,Tristan
845,Night People,1989,73.9,Jedidiah
846,Mother's Day,1338,76.54,Horatio
847,27 Dresses,1282,14.18,Nelle
848,The Raid 2: Berandal,413,54.51,Brennen
849,Anna Christie,2035,2.48,Cristie
850,Rhyme & Reason,142,91.06,Katti
851,"Mortal Instruments: City of Bones, The",1568,81.6,Margo
852,Passion Fish,1932,78.88,Dede
853,Prophecy,287,39.92,Saloma
854,To Live and Die in L.A.,1454,23.52,My
855,"Motel Life, The",1383,52.96,Constantine
856,"Man from Down Under, The",1748,69.44,Flint
857,ChromeSkull: Laid to Rest 2,1078,24.32,Nara
858,Eddie Izzard: Circle,428,6.78,Jonah
859,Kwaidan (Kaidan),1342,31.01,Lionel
860,Jim Breuer: And Laughter for All,651,62.19,Finn
861,Revenge of the Pink Panther,2118,5.18,Cloris
862,Destiny (a.k.a. Between Two Worlds) (Der müde Tod),770,97.11,Pierson
863,Mouth to Mouth,1976,31.99,Cris
864,"Dance Party, USA",213,37.3,Crichton
865,Anatahan,120,66.44,Richy
866,Man in the Chair,300,49.36,Carmina
867,Q: The Winged Serpent,1022,90.8,Derk
868,Warriors of Virtue,1289,67.9,Crystal
869,"Badge, The",1182,8.96,Mersey
870,First Person Plural,2090,52.24,Maighdiln
871,"Silver Stallion (Silver Brumpy, The)",214,77.74,Geoff
872,August Evening,1076,98.64,Whitman
873,Voices,1920,81.26,Ben
874,"Sexo, Amor e Traição",1877,67.22,Marmaduke
875,Jerry and Tom,1539,17.56,Ursulina
876,"Task, The",1104,88.75,Wenda
877,On Deadly Ground,177,2.94,Cliff
878,Corman's World: Exploits of a Hollywood Rebel,171,10.18,King
879,"Three Musketeers, The",240,72.6,Nata
880,"Scorpion King, The",324,32.86,Felipa
881,HazMat,1879,2.95,Vally
882,Flavor of Green Tea Over Rice (Ochazuke no aji),573,66.45,Alphonse
883,Sky Fighters (Les Chevaliers Du Ciel),1186,29.99,Seka
884,"Hidden Fortress, The (Kakushi-toride no san-akunin)",1389,44.5,Rachelle
885,"Asphyx, The",331,6.9,Parry
886,In Gold We Trust (600 kilos d'or pur),296,94.25,Theo
887,False Trail (Jägarna 2),1445,96.27,Christa
888,Vidal Sassoon: The Movie,1884,72.62,Evangelina
889,The Black Rose,101,79.29,Toma
890,New York Cop (Nyû Yôku no koppu),1209,48.95,Meggy
891,Bear with Me,1501,42.14,Sherwin
892,"Tuxedo, The",1068,7.07,Etti
893,"Spiders, Part 2: The Diamond Ship, The (Die Spinnen, 2. Teil - Das Brillantenschiff)",233,38.95,Clio
894,Autohystoria,128,79.89,Claudine
895,Fanny and Alexander (Fanny och Alexander),1622,97.98,Johann
896,The Pokrovsky Gates,449,7.27,Sherwin
897,Valley of the Dragons,1612,88.22,Crystie
898,"Scar, The (Blizna)",1084,16.89,Danyette
899,Sandakan 8 (Sandakan hachibanshokan bohkyo),1940,57.73,Evita
900,"Stewart Lee: If You Prefer a Milder Comedian, Please Ask for One",576,18.4,Vonnie
901,Plain Dirty (a.k.a. Briar Patch),1651,28.58,Edmund
902,Dersu Uzala,238,88.86,Yehudi
903,Bengazi,1026,43.83,Mechelle
904,Intermezzo,1364,62.01,Laurie
905,Ladies in Retirement,565,69.16,Sal
906,"Christmas Carol, A",393,43.7,Link
907,Faith Like Potatoes,593,47.05,Wileen
908,Chelsea on the Rocks,1049,72.97,Margaretha
909,Condo Painting,1207,8.25,Danell
910,Inkheart,1739,71.07,Lenora
911,Friends of God: A Road Trip with Alexandra Pelosi,497,16.47,Sheeree
912,Miracle Mile,1212,63.07,Taryn
913,Dead Weekend,424,40.85,Fraze
914,"Inspector General, The",622,75.85,Noam
915,"Goddess, The (Shen nu)",795,55.78,Diena
916,"Murder, My Sweet",127,96.11,Ianthe
917,The White Sister,2195,84.02,Emmalynn
918,"Italian Job, The",1168,64.12,Terese
919,Broken Flowers,660,58.29,Lyn
920,Bad Guy (Nabbeun namja),2146,42.99,Marylin
921,"New Daughter, The",1278,84.34,Antonio
922,Chelsea Walls,577,34.76,Calv
923,"Skeleton Key, The",2101,88.16,Benedetta
924,Yamakasi - Les samouraïs des temps modernes,2054,44.51,Barr
925,The Hire: Hostage,2034,9.54,Alvan
926,Silent Sonata,917,48.24,Sharleen
927,Assembly (Ji jie hao) ,1174,20.21,Raleigh
928,From the Orient with Fury,199,92.53,Pia
929,Black Dynamite,2115,91.57,Neill
930,Melbourne,1396,69.66,Susanne
931,Don't Look Now: We're Being Shot At (La grande vadrouille),797,12.05,Norene
932,Bio Zombie (Sun faa sau si),1336,44.96,Vivian
933,Angie,880,19.81,Tory
934,Stitch! The Movie,1113,66.32,Ogdon
935,Bad Boys,614,21.43,Lexy
936,Metalhead (Málmhaus),1998,31.94,Tommie
937,Captain America,1741,2.76,Cyrillus
938,Warlock: The Armageddon,124,97.55,Yuri
939,Tyson,1776,4.77,Malva
940,Buud Yam,232,19.05,Kristina
941,That Sugar Film,772,66.97,Heida
942,Jesus liebt mich,382,32.97,Oswell
943,Lost in La Mancha,1952,78.03,Dinah
944,"Night of the Following Day, The",1548,75.94,Gwendolin
945,How to Seduce Difficult Women,1378,25.25,Clara
946,"Theory of Everything, The",1812,8.0,Godart
947,Brother's Keeper,2023,34.82,Bevon
948,The Emperor's Club,1186,86.56,Brianna
949,Villa Rides!,275,29.55,Wayne
950,Bitch Hug (Bitchkram),468,43.09,Kare
951,Pokémon: The First Movie,2193,49.23,Frasco
952,Death Becomes Her,629,81.03,Erwin
953,Men to Kiss,1429,23.07,Hermie
954,Babies (Bébé(s)),528,77.14,Kerstin
955,Tasting Menu,1944,30.34,Juan
956,Forbidden Door (Pintu Terlarang),2139,46.93,Berty
957,Raiders From Beneath the Sea,267,10.25,Agace
958,Scars of Dracula,1809,16.93,Weidar
959,Siete minutos (Seven Minutes),1672,61.58,Deane
960,Scooby-Doo,1492,69.05,Jeremy
961,"Summer by the River, A (Kuningasjätkä)",1916,2.43,Nerissa
962,Count Three and Pray,1422,5.84,Marybeth
963,Everly,693,97.53,Wallie
964,A Via Láctea,2171,64.02,Roana
965,I'll Be There,1369,21.42,Thomasa
966,Bodyguards and Assassins,364,23.01,Penelopa
967,Fear and Loathing in Las Vegas,1597,25.08,Rudolfo
968,Aya of Yop City,570,94.86,Alessandra
969,Good Burger,1156,83.71,Hailey
970,"Pact, The",1605,32.02,Lin
971,"Terminator, The",981,6.65,Ruthe
972,Song of the Sea,529,80.86,Rouvin
973,Above Suspicion,1325,60.39,Belvia
974,"Man from the Future, The (O Homem do Futuro)",2141,33.49,Alfonso
975,"Prisoner of Zenda, The",1823,46.54,Mallissa
976,Jimmy's Hall,592,26.35,Natassia
977,"2 Fast 2 Furious (Fast and the Furious 2, The)",136,52.46,Waldo
978,"Bonaerense, El",118,84.06,Winne
979,Asterix vs. Caesar (Astérix et la surprise de César),2111,48.86,Eleonora
980,Howl,569,75.52,Vidovic
981,Nine Months,130,85.06,Enrica
982,Tea with Mussolini,1391,22.89,Libbi
983,Jerusalem Countdown,1523,89.53,Madalyn
984,Bhaji on the Beach,933,25.47,Gris
985,Sister Kenny,662,21.58,Mirabel
986,Crossroads,1757,48.04,Shurlocke
987,Perez.,442,11.2,Trstram
988,Power and Terror: Noam Chomsky in Our Times,700,64.96,Ignatius
989,"Box, The",1275,34.39,Rivi
990,Beethoven,1895,20.25,Charita
991,Challenge of the Masters (Liu A-Cai yu Huang Fei-Hong),942,32.97,Tresa
992,Crime and Punishment,1343,92.98,Linc
993,"Samaritan, The",2035,16.68,Donelle
994,Murder Party,1328,34.99,Harrison
995,"Desert Rats, The",188,40.01,Art
996,Preaching to the Perverted,2067,85.45,Jackquelin
997,The Man Without a Map,2046,92.09,Pail
998,"Maxed Out: Hard Times, Easy Credit and the Era of Predatory Lenders",1550,51.56,Sandy
999,Child of Rage,787,79.28,Danny
1000,DarkWolf,1232,22.87,Valina
